address,claimable_time,claimable,recipient,balance,start,duration_months,end,cliff,cliff_months,cliff_percentage,allocation,withdrawn,vault_balance
0x0021cc8476654edcfa1d148179cfee31bdc279a7,1755043200,0.0,0x4d2f5088287bD8b6CeDe1383b9Bffe3F7e941Fa2,27091.983288118998,1739404800,48,1865635200,1770940800,12,2000,3628732,0,151197.16700000002
0x003f926aca18cf1688bfbd5eeaaa93a7b2e27c29,1755043200,0.0,0x8caAacbd9EA005b1Fd7477D0Fb975c669ac2B8DA,22111.633391592997,1739404800,48,1865635200,1770940800,12,2000,2928323,0,122013.458
0x011c75386d9178f70f3f577bf23bb93704523203,1739404800,768.0,0xF3e773B9c00905D6E05e2Ac2756D809D8ccbd2Ca,768.0072842449999,1739404800,48,1865635200,1770940800,12,2000,40000,0,3704.1670000000004
0x01598174b6768f9205a61353ab0b1f0e182a432a,1755043200,0.0,0xfba8e02aeF305F3Ea47b3fc80f44F2aC985bC9ba,0.0,1739404800,24,1802476800,1770940800,12,5000,2666667,0,2666666.9999999995
0x01b66758fba1e1012be2001c79fd8897313ba4c9,1755043200,0.0,0x5482EfC56D742dB3c1F4336AA1166736339e06c2,0.0,1739404800,48,1865635200,1770940800,12,2000,26700,0,6675.0
0x01d29ec5d67019e4e73b843a0315a115a2ef18c9,1755043200,0.0,0x79d2C3bd94faDFeB7E1bD41E2a3f36656B6C0881,3042.276092736,1739404800,24,1802476800,1770940800,12,5000,800000,0,0.0
0x01f28ae6acc066655834904a4fca4a749269be0d,1755043200,0.0,0xD97E01E207A819edefE828fdAce164BFD3a53A6C,26345.163114756,1739404800,48,1865635200,1770940800,12,2000,3528187,0,147007.79200000002
0x040b8faaccd73ffbf15af91c41a50fef52eae875,1739404800,4689.3,0xa12173A7482102181e4565E1cfb7EDBEAAbDC67C,4689.28620821,1739404800,36,1834012800,1770940800,12,2500,277141,0,0.0
0x05874df3019d579bf432723bb6e80ca7f1b3521c,1755043200,0.0,0x240a80E90479a1B144236526B9B8694Ce41D59Ab,0.0,1739404800,48,1865635200,1770940800,12,2000,134000,0,1.0
0x05e9d8340012e11d6f8c57edfe6b998a3bf59ba0,1755043200,0.0,0x79F9C096AC74184f5D74B0086Ecd93689116832b,0.0,1739404800,24,1802476800,1770940800,12,5000,592593,0,0.0
0x05eb3ea506ae537d421b5df257664999328d2b0b,1755043200,0.0,0xB3a986630DCD1b3f4b048AdCa73165eA63bf6671,0.0,1744243200,0,1744243200,1744243200,0,10000,10000000,0,0.0
0x07aecd87488cf4bc8f0cefc5c3dd61828cc688b5,1739404800,0.0,0x1F0Bf0055A30093024675ad5955CF8452d8B8BC3,0.0,1739404800,36,1834012800,1770940800,12,2500,2000000,0,2000000.0
0x0881c6956268e2bc920f4446eaffba48bcb7558f,1755043200,0.0,0x41c8f887A45A190b0216Af1E89C0d22e94F8f31f,1848.322879058,1739404800,48,1865635200,1770940800,12,2000,400000,0,0.0
0x096bfc90ce8ea0cf4e9467793190e1b3478af656,1739404800,0.0,0x5665aF1d45D2D5f42039B09D42cDD3C67fa1717e,0.0,1739404800,36,1834012800,1770940800,12,2500,145973,0,1.0
0x099c405e966ef75bc936eb49d99b0e5ec9dcaf1a,1755043200,0.0,0x7009E89904Eb05082603a214326AA9fAF4B98331,25284.058210586998,1739404800,48,1865635200,1770940800,12,2000,1875000,0,5.0
0x09c355d142732d50baf077aa7b60210b6c04dd3e,1739404800,0.0,0x95B3Fd7Ef11D50AfaceCEeDA7A59D53b46Cc510a,0.0,1739404800,36,1834012800,1770940800,12,2500,73247,0,0.0
0x0a0eb68c925a26663bce9181d82680ca8e62f4d0,1739404800,4377.0,0xB9ec0d40196B76cBC027c7226Df0EcF5d372ceE8,4377.048425397,1739404800,36,1834012800,1770940800,12,2500,258874,0,0.0
0x0ab4777b63778d24a9c33ae740247990ec0cb636,1755043200,0.0,0x3327aBE0F9BC001ae371619Cbdf213a5eD2C592f,4099.084166389,1739404800,24,1802476800,1770940800,12,5000,800000,0,10000.0
0x0b79febd5eff657271ddcf6c3c86f556913feb33,1739404800,0.0,0x4013fAdbD320a8Cd29dB1E0E6386d241ba44B31B,0.0,1739404800,36,1834012800,1770940800,12,2500,2822069,0,0.0
0x0bb6de1bb4c89eebba2cb1cae3d14ce0fa118fec,1755043200,0.0,0x3eD0c514Ee587227119Fe53c7E56e5933e39be0c,0.0,1744329600,24,1807401600,1807401600,24,10000,293076,0,0.0
0x0bead803a53a511550a95b5f0b752b7176526090,1739404800,0.0,0xCa6291357F6Aa6aD8BcD06557bc35B86D2f807bF,0.0,1739404800,36,1834012800,1770940800,12,2500,1254163,0,1254163.0000000002
0x0d5d7bdd304909f83b1935fdac0dff7dfa55dc4b,1739404800,9677.3,0xCB30C69a721CC46BE7475FBa1F65fC1431604F4C,9677.300632262,1739404800,36,1834012800,1770940800,12,2500,572169,0,0.0
0x1146e520a14bd270b4d9898b271a44a9f634b13a,1755043200,0.0,0x2d6f449BE9073c55dEF2170568CCeA3a2FE3e3B7,18342.897169513,1739404800,48,1865635200,1770940800,12,2000,2478708,0,103279.5
0x11dc9917ee9aeb38b54b7f53bb7f5fe38d59c22f,1739404800,10773.0,0xd8329b0Be7Ed4eA91C1d35BAc3b7e32dA21003af,10780.952663500999,1739404800,48,1865635200,1770940800,12,2000,1000000,0,0.0
0x1213f9e21fbf093ddef052eb5637fcb43efa7207,1739404800,15591.4,0x1f284D5AF902B6EeeF0BDa9F73D16B1dfCF8f202,15599.382488271001,1739404800,48,1865635200,1770940800,12,2000,1333333,0,0.0
0x12ee7ddc9817d6106ce066cfacf319bdca8a9d68,1755043200,0.0,0x29bA30549B0aE45c3595395dd2eDC91a07bdf039,0.0,1745193600,12,1776729600,1761004800,6,5000,73248,0,0.0
0x142a98a388a1ba2643b86eba3d2f13bf5383a8c1,1755043200,0.0,0x4489d750e02258816706994322122DA2C0626bDb,120214.995196191,1744243200,0,1744243200,1744243200,0,10000,10000000,0,0.0
0x15874e6e9053c26260c385e4e67b5e2280ccf8c6,1739404800,5674.0,0xaf3F1b019c5c7Ac6B3fA5706306C2ee6AdBb93A4,5674.016451943,1739404800,36,1834012800,1770940800,12,2500,293076,0,0.0
0x16ca4a99141995cef7df7c9d416d57f80ebfaf35,1739404800,24836.2,0x4263D39a692085497870661CB6f2598b212A390e,24844.237145664,1739404800,36,1834012800,1770940800,12,2500,1441034,0,0.0
0x175f50935f98005919541ee7d99a31d8274c7981,1739404800,1408.1,0xaB0D3d0E40563d9E9fBC37ca27a5F201A3b8B5Fb,1408.1195832100002,1739404800,36,1834012800,1770940800,12,2500,296086,0,0.0
0x19c105456b4ff09811da7b26d592f72d2e2160b8,1739404800,16271.2,0x907cDE75f19b6689167E16869AcCf532c9de7337,16279.217579061999,1739404800,36,1834012800,1770940800,12,2500,962084,0,0.0
0x19febc714e860e9058d291a02382ae88a9dab300,1755043200,0.0,0xFDF999AF2E5850CdA5653961E094339B3d282a46,0.0,1744243200,0,1744243200,1744243200,0,10000,6000000,0,0.0
0x1b7071d1e5cde8f5d7ce50c4446c609196716737,1739404800,3880.8,0xD34D96e085cF3DDdb95c9e90E02DE3Cf1Fc70E77,3880.817362416,1739404800,36,1834012800,1770940800,12,2500,229701,0,0.0
0x1d4e09702b64cfb790af889a68edfb27cc7ef1ff,1739404800,0.0,0xa93104Ed7CC573FBD1FfA97FB56Da29C385e7358,0.0,1739404800,36,1834012800,1770940800,12,2500,740244,0,740244.0
0x1de0a747439de7654e57a8975b12d78c522c9b76,1755043200,0.0,0xbABCCe8c7622Ed124f1C4c5E71B0022bA795c949,11199.413588608,1739404800,48,1865635200,1770940800,12,2000,900000,0,0.0
0x1e7b77c7ba8910028462d0e6380d704b34cf3d86,1755043200,0.0,0xb4161C2e52706632C09032Ebb5dF56BF7E858AAd,3234.513100777,1739404800,24,1802476800,1770940800,12,5000,800000,0,0.0
0x1fbe2d55140096490b69ffe1c644c45f6b652e47,1739404800,0.0,0x9391b3b7C1F7d8C528212A1A28d7184fe721eac0,0.0,1739404800,36,1834012800,1770940800,12,2500,501654,0,1.0
0x1fc87d8058a03a462a48fc797ade0bfb98c60ebf,1755043200,0.0,0xc35DB3A99bB5840A24EdEa2A58923d3eC44966e3,0.0,1739404800,24,1802476800,1770940800,12,5000,2000000,0,2000000.0
0x20a932674f5f7f254e0b8afa13787ac56825aea5,1739404800,2808.8,0x98a9b8C558185D6A6ef4062D6cCe48fe7814E2Dd,2808.815015055,1739404800,48,1865635200,1770940800,12,2000,488953,0,1.6
0x211d2f5559751b75f0ec226a777fbd5119874a11,1755043200,0.0,0x8D9515FE3F43BAD08c9cd119bD0ec240C690Fc06,18664.285248886,1739404800,48,1865635200,1770940800,12,2000,2522634,0,105109.75
0x21cf5d80558663063f765319b66f956c3c53b138,1755043200,0.0,0x528e609a4Dcb36cad77602a299E731319d181F8E,9357.334847795,1739404800,48,1865635200,1770940800,12,2000,750000,0,0.0
0x22cb9339bd31ff5c6da4aeea8a1e827cff718c3c,1739404800,61741.6,0x84bb2f5E4dfFC34fB960F6232477A455970b3325,61773.684436147996,1739404800,36,1834012800,1770940800,12,2500,5016709,0,0.0
0x257882537613075dfc319f874fd7c41fdf177ad6,1755043200,0.0,0xFe8E905Ed6FAff6ceF34996B5C916309A10425dE,0.0,1739404800,48,1865635200,1770940800,12,2000,73248,0,1.0
0x286607f8106946b79885525f872f5e6626279721,1755043200,0.0,0x5ee27D110A124fa3f8A4fBc27D990e9e0B30a6c0,27080.109742338,1739404800,48,1865635200,1770940800,12,2000,3627362,0,151140.083
0x296e78cf6113fce242a8daaf3931cdeb43e0d35a,1755043200,0.0,0x6FA05Fd9c0D73d6daa0f8d90270A6b0F38Fa03Aa,20222.962055104,1739404800,48,1865635200,1770940800,12,2000,1500000,0,5.0
0x2a1a37850cb61a54f0ec5a8ab2a32cf931a64ed9,1739404800,13842.3,0xFb88d986BF103BE292c8473e9b40219F0029BAFd,13842.276162369,1739404800,36,1834012800,1770940800,12,2500,818099,0,0.0
0x2d601c2158430b21cf0903b8023cc57920b87f57,1755043200,0.0,0x75285cDCeFca78B98d9793712f92E79828887242,26766.947372629,1744243200,49,1873065600,1775779200,12,2449,2000000,0,1.0
0x2dab5fe0b977f1ae9a70dd6f98fb3726265a8456,1739404800,2872.3,0x451C02D6AD8feBA0Af8Fa0C26b54cd6D48496967,2880.2578986139997,1739404800,36,1834012800,1770940800,12,2500,146495,0,0.0
0x2e3fc1ba3869743f493ffa1fd769d059b0672fa5,1755043200,0.0,0x6a7D3830D82Ba6a08bf0988890a63266Eb08a256,12440.968811342,1739404800,48,1865635200,1770940800,12,2000,1000000,0,0.0
0x2e5887ffa359f845c6cbbca8b0068d47430d69cf,1755043200,0.0,0xdfB91C244fe1fA1E023BD5bEe2282cBff5f6143B,15168.897771554,1739404800,48,1865635200,1770940800,12,2000,1125000,0,5.0
0x2ff199a43a2614e302e0026ce476ade0be815177,1755043200,0.0,0xdbCdC36735f1E21754d06f6D5081Fa30a2C492bE,12256.27537387,1739404800,48,1865635200,1770940800,12,2000,1000000,0,0.0
0x30416dae6febc3dabc4ea752ade90a2c5b1545fc,1755043200,0.0,0x24C1513F3ed42b386598C617dc1548C404Ac7D44,0.0,1739404800,48,1865635200,1770940800,12,2000,166667,0,0.0
0x309747804a5c737867d61961fbc3e87632da7150,1739404800,720.0,0xc91D715a922B92f2BA0D818A10DdA5020B0B7FeF,720.04579018,1739404800,36,1834012800,1770940800,12,2500,73247,0,7.0
0x32df6a8017518e0e020d2926319e55d30b57f29b,1739404800,1216.1,0xF953c0FE69d354668D12F435077609A203a2b9c5,1216.0947327850001,1739404800,36,1834012800,1770940800,12,2500,73247,0,0.0
0x3301fa9c47e305ade49db87a6adae58d0ae2d2ae,1739404800,13570.2,0xC9DeB2371F741bcb602B7Bc2718B2E9eae6B68fb,13578.227831939,1739404800,36,1834012800,1770940800,12,2500,802459,0,0.0
0x33f406ba767a6d9df4868976ecd140eee83bef4f,1739404800,192.0,0x3CAf29A1614e61cb9F059B22EdEF667CFa2656e6,192.035741982,1739404800,36,1834012800,1770940800,12,2500,501654,0,250827.0
0x340747a5d18173acf911a9455493cd734bcb877e,1739404800,12600.7,0xaCA74Fd3EECC05C2AE19Ff54Dd669F5B5a8c3b6d,12608.681592661,1739404800,36,1834012800,1770940800,12,2500,745020,0,0.0
0x34880f5b0ac81d70ae6b0b2e0667e2096d2b4c92,1739404800,2384.3,0x18A46A541B32dc1e8Ef813554186718364feDebd,2392.317982916,1739404800,36,1834012800,1770940800,12,2500,125399,0,0.0
0x348c4fe598d17aa87d81e5c716bf84f97a3e8464,1739404800,3888.9,0xA95B4928240EFCe4De56400af6fd03C6181fCBe6,3888.858293565,1739404800,48,1865635200,1770940800,12,2000,600000,0,0.0
0x34900e12dbb5c995b9f306028ad7c367fa010e15,1755043200,0.0,0x202E2BF3d9ac533E60045376Ec85A0EFc02657fe,0.0,1739404800,48,1865635200,1770940800,12,2000,80000,0,0.0
0x35e593299d1119ba310b746a28127e5e51848c05,1739404800,936.0,0x0583F998432B826361c8b0E890Ae87A643303406,936.0481678240001,1739404800,48,1865635200,1770940800,12,2000,80000,0,6666.668000000001
0x376392a672d267bcbb41ca0d4f1ca1a9ac76cad8,1739404800,11158.7,0x3C099E8F6F008990A3a524f4f322BF4Bd690b1d9,11166.735564879,1739404800,36,1834012800,1770940800,12,2500,659912,0,0.0
0x39157d426d63f5536f8a833809cc165f98b905e5,1755043200,0.0,0xDE859580638B18811CaC364189F32508a4177F17,25885.637529558,1739404800,48,1865635200,1770940800,12,2000,3428371,0,142848.792
0x39adb08824e8acaec4d30d1c21ae0ec6983613ef,1755043200,0.0,0x69588fCE614a3D467f64aBAd531a1438cAc9DC62,71697.73031349899,1744243200,0,1744243200,1744243200,0,10000,9000000,0,3000000.0
0x39f9e2d2e6eaf9397b2db9e68ee264bfd0bd0afe,1755043200,0.0,0x58062B2FA8a7860d2D7c1ac4707dB5BF13116Ac5,22246.857522029997,1739404800,48,1865635200,1770940800,12,2000,1650000,0,5.0
0x3a273d7a087f3046235a366321bbb59dede5439e,1739404800,8897.0,0x86E2755884f73172AE1FBd9f8D39d54BA0419bD2,8904.95521459,1739404800,48,1865635200,1770940800,12,2000,850000,0,0.0
0x3a68d3742ea9ee37249a9f01547f45798e016fb9,1755043200,0.0,0x324492498AAFf83c3b4BAE2b8D416C7aB7E7b8aD,9869.642990712,1739404800,48,1865635200,1770940800,12,2000,800000,0,0.0
0x3b35dc3b743f219aaa6444a3aea949729543d11b,1755043200,0.0,0xf6A21D407A70acdef28dcDf0cd39d2662b3d0151,2544.5856804500004,1739404800,48,1865635200,1770940800,12,2000,300000,0,44444.450000000004
0x3c18d4124ecc216e6a8b94c4ad0a78b76ce42755,1739404800,17063.0,0xa5eA8953a75474C15553C71e92B9f519Bf5Aa881,17070.967183019,1739404800,36,1834012800,1770940800,12,2500,1008806,0,0.0
0x3d083f4dd5225e0de57902fcd2a84fab76c396bf,1755043200,0.0,0x9c577677615eABB97483788aC965F2dBf73c560F,20581.452713545998,1739404800,48,1865635200,1770940800,12,2000,2756973,0,114873.875
0x3d17b4bd13dcc1a32eeffea3d879249a129bf4cc,1755043200,0.0,0x0f43ed44601d40D59EeB41bB06474ac9Ee08a23A,12288.405751439,1739404800,48,1865635200,1770940800,12,2000,1000000,0,0.0
0x40b520418b84f40fa2f4bb25dc6139206c3511c2,1739404800,616.0,0xEdfC75B1D752a6aC041d9a1D76b7CeEF7710ebbd,616.039549424,1739404800,36,1834012800,1770940800,12,2500,73247,0,0.0
0x4160dbfa33fcc50bd83dbfcedeb39cda731ba43b,1755043200,0.0,0x9C40c5D9594Ab2cB18Ce27Cc2958145661C30Dfe,0.0,1739404800,24,1802476800,1770940800,12,5000,1333333,0,1333333.0
0x4177d3921e367aa90f04f305705366d22128ddab,1739404800,3689.4,0x5d90d1627f7A3F7C5182f9E5b3C2E57fcBb2B901,3689.431584249,1739404800,48,1865635200,1770940800,12,2000,684534,0,2.04
0x41bd52fac8ad71e10e625b7ff091ae8d8485dad4,1739404800,13829.0,0xFcba6f6FB5C058FE3792142A7a27a8f4c79D8125,13836.976423107,1739404800,48,1865635200,1770940800,12,2000,1000000,0,14416.669
0x42184273b378c49d0030bda46b925780d2651710,1739404800,0.0,0x7492a3d61526cb8e6Cd628915b026348aF544fb9,0.0,1739404800,36,1834012800,1770940800,12,2500,14598,0,14598.0
0x424a3a9d84baf657e9cef549712f5676d521dd73,1755043200,0.0,0x53Ef93E013cB4D8a0aE15032cc11D0F7221E55Cf,264.03207165099997,1739404800,48,1865635200,1770940800,12,2000,466700,0,0.0
0x42ded6bf02c6b7bb8b4b1ef2257726eac474e6ea,1739404800,9941.7,0x9FA148913a06b81CB9BCb4AAAEf8fd0b33185832,9941.714304194,1739404800,36,1834012800,1770940800,12,2500,587636,0,0.0
0x43a9b008dcac57da60b738b42ad1ccc1c76aface,1755043200,0.0,0xa3A47ABA9e2c1392BD110A39DEDA1328e7C5d6eA,25604.901254283,1739404800,48,1865635200,1770940800,12,2000,3429384,0,142891.0
0x44584202571028eb1a2f1b37648f8f0ae8a1713e,1755043200,0.0,0x0410166d2D5e117828Dfcd3F7C0766cB2c171c79,80.001847948,1739404800,48,1865635200,1770940800,12,2000,146600,0,0.0
0x4555582e51a769c35e8977fb1ab0b8a66a28ecf7,1739404800,9404.9,0xF8dC7D7eB31c3ec2f3d559009D685619B44Aa8d5,9404.948752998,1739404800,36,1834012800,1770940800,12,2500,556043,0,0.0
0x4605520d156c79780f857bf19aa5a6e35d0d3a31,1755043200,0.0,0x0885bc0FD02d3c6f9E36b79580B6aBC5823D6891,25522.340597931998,1739404800,48,1865635200,1770940800,12,2000,3417627,0,142401.125
0x492266f05018d1ce65fbdf3e2ebe7e68f01f3c37,1739404800,0.0,0x891c6a165016832Ca4F07B17E3D3DA9e64798A76,0.0,1739404800,36,1834012800,1770940800,12,2500,3762527,0,3762528.0
0x4958ab6f5829f287f61b3a49e09bf2b7cd3e04b7,1739404800,7440.1,0x1F6b97a6Db8d74f086A296F2e1AE0e769C964c11,7448.077709002,1739404800,48,1865635200,1770940800,12,2000,1955811,0,0.4
0x4cc5e4ff60b243db78a86f7afdb930e4a8eaf589,1755043200,0.0,0x02c323996079f1F007faDAa8445e0A81EC3bb5D9,0.0,1739404800,48,1865635200,1770940800,12,2000,270000,0,0.0
0x4dbed0b8d69b23150169c287f3ca66f80c7f138c,1755043200,0.0,0x3f8cFfeeCC2f6EE64aC618d31899d33CB1682DB7,9188.95902174,1739404800,48,1865635200,1770940800,12,2000,750000,0,0.0
0x4f01b780e5667e6dec3a2d9024b7297a06cc6c6e,1755043200,0.0,0xF2C3Cc75E1bFb3EA818F8FC918d48FFfcA524b9c,18698.717769837,1739404800,48,1865635200,1770940800,12,2000,2527364,0,105306.833
0x4fd37d08c0734609ebc7534d548286cd21d391ba,1739404800,104.0,0xD76F6390Ffb49e0306B876feFda255a45DE12D15,104.009942453,1739404800,36,1834012800,1770940800,12,2500,144945,0,0.0
0x4fda50980b12b4cb5aa76faf28f40e9a0b5bf78c,1755043200,0.0,0x669c60ab96842d0606F2642a75c6F46FB7D19F51,0.0,1744329600,24,1807488000,1807488000,24,10000,5454544,0,0.0
0x50d7d2ed4286e2dd502adec0e2c03b86c14256a1,1755043200,0.0,0xAfb0CBE147f810BebB42333fF404b4393D3A3c46,0.0,1739404800,48,1865635200,1770940800,12,2000,1000000,0,0.0
0x5122afc58a4f34c93d76604a16f1e9c3e34e2350,1755043200,0.0,0x22F9488B5A6DBC40ecca8010501186F9CD7809C6,26312.518993513997,1739404800,48,1865635200,1770940800,12,2000,3521872,0,146744.667
0x51c07f24c717287c9c05fb80381fd2defd65b42e,1755043200,0.0,0xE79A88903f2354BF820D6e4265a4aD7C0bB65b8b,9253.092967212,1739404800,48,1865635200,1770940800,12,2000,750000,0,0.0
0x52fb7e1be4bf5cb9643394ea18c151c3355a1127,1755043200,0.0,0xc5d34cD2341328579C8939A50C74DEbECcE38056,11094.89885658,1739404800,48,1865635200,1770940800,12,2000,900000,0,0.0
0x5411a7a10f2ba2ca1616b44d394ad7a9893bf680,1755043200,0.0,0x78241036cAc0E7353DC82D559c2267e645056D42,0.0,1739404800,48,1865635200,1770940800,12,2000,50000,0,49999.99999999999
0x545c8bfe8a65af702686c86719ae683795c24593,1739404800,2152.2,0xF999E8ac54878C9FD89F493174bF375e62e48690,2152.23109397,1739404800,48,1865635200,1770940800,12,2000,200000,0,0.0
0x54b423dce63f8ec02e9857324c6b052653c78fb2,1739404800,0.0,0xDc7d151A7643E5A8C83679ded3c5B1e4d1716cae,0.0,1739404800,36,1834012800,1770940800,12,2500,3762527,0,0.0
0x54ce84ed197c2e7a0896c7c98130029ea2b24e58,1755043200,0.0,0xB73849C12E025E2db861fD1C34Aed6a828dA6747,11199.488434602,1739404800,48,1865635200,1770940800,12,2000,900000,0,0.0
0x552828a2c46197efd402d816195f03cc7f7be998,1739404800,4418.3,0x74eE7410bc97a0F77319D8E752eA4CDA1e2849c9,4418.304280797,1739404800,36,1834012800,1770940800,12,2500,564189,0,0.0
0x5748e862726be363b8a65174f0d00e02463d8efc,1755043200,0.0,0xA290e46CE973AbF24371B9cC73b0d0bccCB50C9C,6122.013148668,1739404800,48,1865635200,1770940800,12,2000,500000,0,0.0
0x5976a9993d578c8b4d7912cc4ca721ee6366ffd0,1755043200,0.0,0x0A1fffd8035FfBb408f90C4Ee266af1a34cA2bb0,0.0,1739404800,48,1865635200,1770940800,12,2000,134000,0,1.0
0x5d9eac63592e91995e9e350fc3888a62438828ab,1739404800,104.0,0x00dC8ccE9d52eD1186356B352Cf088CB341F2a9a,104.011805368,1739404800,36,1834012800,1770940800,12,2500,144955,0,0.0
0x5da360972be3e472b786ee396f11e9033a15a5d1,1739404800,0.0,0xF3742d39D9d8D1255a57db5B0FfFe1DdfCecBb49,0.0,1739404800,36,1834012800,1770940800,12,2500,28239,0,28238.510000000002
0x5dfe4c1017913d62c7001681caef0ca99e050d03,1755043200,0.0,0x53BD57Fc6181cD28cc91a401bE3cFFdc4E6ef54b,6121.933695287,1739404800,48,1865635200,1770940800,12,2000,666665,0,0.0
0x5e6c2bc445900aa23407fa535d33c10c3777927f,1739404800,272.0,0xa52d71Db8c6B1055e5c8797189240b247A64836F,272.004104732,1739404800,36,1834012800,1770940800,12,2500,14598,0,1.0
0x5fc8d9f04f9d3b394b53a76d3dd134f17dd300a6,1755043200,0.0,0xB4555beb555061A1C69e7D54E3772Bc08e628B15,9253.119361658,1739404800,48,1865635200,1770940800,12,2000,750000,0,0.0
0x5feec16c1564e1661b93d0c8283d0f0f609f3c08,1739404800,13827.5,0x0866198860E9629cDd557eE7D00E0e5Cc6f3e136,13835.546771102001,1739404800,48,1865635200,1770940800,12,2000,1000000,0,0.0
0x603206bc3ac818e81177231a609a8fe4d001181c,1755043200,0.0,0x3B2F90910f0c37104C60eA2D27cbea850214Ee3A,13847.641359682,1739404800,48,1865635200,1770940800,12,2000,1100000,0,0.0
0x61669d4ed2863e857c87d9a654b0b1d00b45c3e6,1739404800,712.0,0xD03a81F1D045a6686e536C0f9f974ef841246785,712.032854938,1739404800,36,1834012800,1770940800,12,2500,44612,0,0.0
0x62b1ede453ce1b204d288c8205a69edcf7dbb4c7,1739404800,3240.5,0x01284E409628390fb9447a82C05bDa173B598B28,3240.519961164,1739404800,48,1865635200,1770940800,12,2000,300000,0,0.0
0x62e5d46903f7cedc5e8a160522d19c26f5885d7a,1755043200,0.0,0x7167Faf65f64ee7602f26F18854a8439699ac959,0.0,1739404800,48,1865635200,1770940800,12,2000,1000000,0,0.0
0x6427b291b5090b6ff3bec3612e1b2bcab01f9912,1755043200,0.0,0x209cd186A00D2495EdD45c966fbC41f9c0935aea,4011.006629219,1739404800,24,1802476800,1770940800,12,5000,800001,0,0.0
0x67a66d5c27fc821261443ceda2be346ddb35c241,1755043200,0.0,0xd89A851B184535d8463a96CE4FB4C81eFA1b4296,768.037123163,1739404800,48,1865635200,1770940800,12,2000,200000,0,0.0
0x69d44b7b96481965bd3c980bf52bd8f59b7d0241,1739404800,0.0,0x7B17367812b7E969bD2C174Bd8203023b61d465b,0.0,1739404800,36,1834012800,1770940800,12,2500,14598,0,14598.0
0x6aa737ebf68b5a83ad484c6e0ad11b556c326323,1739404800,2464.4,0x077b5CdA7cDaaE8a4807BE146A8259cA5E465aBf,2464.392085277,1739404800,36,1834012800,1770940800,12,2500,148033,0,0.0
0x6b28a4ae51fa867b6842bc2301b4b17f14195968,1755043200,0.0,0x017D9950AE2a6875aBcbD5C6a7Bd1e6381D25074,143393.868214629,1744243200,0,1744243200,1744243200,0,10000,12000000,0,0.0
0x6c3c969abd71921f282c1536129aee661287c81d,1755043200,0.0,0xBc6d58B52587A4E5174cE66c16187128F0aF5425,0.0,1744243200,0,1744243200,1744243200,0,10000,10000000,0,0.0
0x6d310e174fe86203530aaa51c3feb80aa2b27ff5,1739404800,16.0,0x40933Be4111F44c687205a4F122B2d5D76F120d0,16.0001744,1739404800,36,1834012800,1770940800,12,2500,73247,0,0.0
0x6d46eed179be64ba86265ab016c8710e10bce33c,1739404800,6898.7,0xB06a7C90aEA1DcbeFA92896eC034493Ff28f5da8,6898.65232584,1739404800,48,1865635200,1770940800,12,2000,850000,0,83333.33
0x71e09526ef050690fc66f33f001fcdd77b218f0f,1739404800,12080.7,0x233d299cdA67a0056300739d19DdD3707DFad52D,12088.690816508,1739404800,36,1834012800,1770940800,12,2500,714232,0,0.0
0x723c5cdb8e61f5baebced30ef6c410b59f408d7e,1739404800,8704.6,0x2E541C576Bd5DA73a212AcC9deAadafE17910F56,8712.613971912,1739404800,36,1834012800,1770940800,12,2500,627072,0,72.0
0x72c698ae81551cdec370a2bdb588e478e0b63f08,1739404800,880.6,0x74C55592ed246BDFAfCD9729eC7F24678D38A245,888.562767221,1739404800,36,1834012800,1770940800,12,2500,669010,0,0.0
0x755defc6f0b33a14b3d0b67c7715717b88fd95f5,1755043200,0.0,0x3644B388ff67f74E098C6E0dFC95f15dD41804D1,22473.951348322,1739404800,48,1865635200,1770940800,12,2000,2976732,0,124030.5
0x7637f0014df2709751d12bee475912607c0ee563,1739404800,3384.6,0xB77DfC6d0B2aBCF10Abbf888aCD224bdd6024B3D,3384.6414227789996,1739404800,36,1834012800,1770940800,12,2500,200284,0,0.0
0x77d5a6d47f20427d28123af423d8666179aa419f,1755043200,0.0,0x0846a2Ca185acC2E24dEeC98942385eae40dE103,10445.148467159,1739404800,48,1865635200,1770940800,12,2000,839530,0,0.0
0x7832773cf9105783a5e7126030beff488177c8aa,1739404800,46684.8,0xdf30c987e2119Eb5BbAFd14a2fDc4C6f3F16E39A,46708.855551372995,1739404800,36,1834012800,1770940800,12,2500,2822069,0,0.0
0x78329114dfcbb29072d4d581b2ebf2b752fd7384,1755043200,0.0,0x87d04F8cF9fb90A7EC19b749814b6e68434802E6,0.0,1739404800,48,1865635200,1770940800,12,2000,270000,0,0.0
0x7bb2638ce85199dcf24f9fba02b52bf19493dc5a,1739404800,0.0,0x803eFCF203b75e0c341a6707550D50aec7855235,0.0,1739404800,48,1865635200,1770940800,12,2000,3000,0,2.0
0x7c588552c891c974c85ec48a8c61013729c023cd,1755043200,0.0,0x43bF651A057f40430047261a800a516795268124,18198.771728341,1739404800,48,1865635200,1770940800,12,2000,1350000,0,5.0
0x7c69be1782ae5e5bc27d3f239865b13718117d46,1755043200,0.0,0x908Ac31250D85EaF17aBb2462FF031DC3A272B4F,22828.070592688,1739404800,48,1865635200,1770940800,12,2000,3023872,0,125994.667
0x7c754482956a3d9e7e84b186f022edec3b67e927,1755043200,0.0,0x43757d9d5f02B8fF9497f99a1822a1d95c9B3A52,0.0,1744243200,0,1744243200,1744243200,0,10000,10000000,0,0.0
0x7d85b095e8d4e2ef6357e5659988e366015da0c8,1739404800,216.0,0xa4052a256c346CAE6AaF31215CD077D8Bf83e96c,216.00332711200002,1739404800,36,1834012800,1770940800,12,2500,14598,0,1.0
0x7f1840cc1dabafce3bc94f497607aca2897838ae,1755043200,0.0,0x3c9F790b477A7B7b4707A26494961aA313A18442,17741.189487455,1739404800,48,1865635200,1770940800,12,2000,1205801,0,205801.0
0x7fdb8e855b7066ae3e193a42cdb0bacf5bf8e267,1739404800,157999.2,0x7D515C9950c2DbcBc0146E0DE53AF36F16406a43,158104.90911163902,1739404800,36,1834012800,1770940800,12,2500,17558491,0,0.0
0x80d61bf3b23b64b3483ae023db17af96cac1eb4c,1739404800,0.0,0x9d3A927781606eEB048E22CbB131eEc6d50DB346,0.0,1739404800,36,1834012800,1770940800,12,2500,73247,0,73247.0
0x839ffc196d656f89d0f40736559273f956efc60a,1739404800,11687.8,0xA8e284Fce4Dc16788ce4F0F615f9dcCb2B458759,11687.7896566,1739404800,36,1834012800,1770940800,12,2500,690834,0,0.0
0x842e1fd58daaa11ab9dd48e866854cbaaf971c52,1755043200,0.0,0xF8c0A13D4B5cDB993802095c5B49EE8306A3DB3E,0.0,1739404800,48,1865635200,1770940800,12,2000,166670,0,0.0
0x849c4be736b204238f3b47e6b052d2cdb05001cf,1755043200,0.0,0x509AAD9e5CBEf3577DB20aD0883248957c8bfF4b,632.032697823,1739404800,48,1865635200,1770940800,12,2000,222000,0,1.0
0x8792a9a3412008cbc615e0e32132d6f6c69eb49a,1755043200,0.0,0x8A21391aE6A3711F7B2Fa15bDAc2Ee1e18e591c2,16160.81778117,1739404800,48,1865635200,1770940800,12,2000,1100000,0,0.0
0x881762e28b6f8e4d30f7bca068804f2bd94ec5cc,1755043200,0.0,0x3dE19595B36478E1089741c9De1240716B6B7c05,0.0,1744329600,24,1807401600,1807401600,24,10000,219827,0,0.0
0x88ae549483cd3a2f13d49c44198cd5ccc95db918,1739404800,7192.3,0x7a2415e1a96023E6b790812A9c1EDA618c5532F9,7200.273992202,1739404800,48,1865635200,1770940800,12,2000,1955811,0,7.4
0x89c5a5d6a57a6d8540b81b9a79aaa0f1d38d7493,1755043200,0.0,0x753b0c7F10120f05a05baFe7744E3162a43d3571,13802.690279145,1739404800,48,1865635200,1770940800,12,2000,825000,0,0.0
0x8a4e6b345309f2bfcd47730e6471b17aabe08df6,1755043200,0.0,0x64ba7f33755F8B656B121940DEa8F5B2FD94611D,0.0,1739404800,48,1865635200,1770940800,12,2000,166670,0,0.0
0x8a6866099b5f062ff462bd2dcaefdade02fd01a8,1755043200,0.0,0x0Bc9cE24aA08908bAf38F5E6db7B96F559646bD7,119499.57615650099,1744243200,0,1744243200,1744243200,0,10000,10000000,1,0.0
0x8a8c64497859b0b1e1bf92ef558e88d87d7d0492,1739404800,16175.5,0x2B84FDf9a5d1Ab0f77048f6CeA831b1d2A0831cb,16175.458637047,1739404800,36,1834012800,1770940800,12,2500,956014,0,0.0
0x8b2e87410b3d382a8eed1e49659a388d178039c9,1755043200,0.0,0x9365369Be8AeeB177FC5d81fC6aC2ea6209b4913,26346.167208949,1739404800,48,1865635200,1770940800,12,2000,3528712,0,147029.667
0x8b46d39e2853efb9a4ef03a5a0de0a817085bab8,1755043200,0.0,0x90646433De825Cb44CEd447631E533A99CB30027,232.006371229,1739404800,48,1865635200,1770940800,12,2000,96000,0,4000.0
0x8e2f65e5c8311c736a49a6e4b7d1c6b975f27568,1739404800,4481.1,0x047F873453AE5B88f66621B9d253Ce668e05E546,4481.1261195120005,1739404800,36,1834012800,1770940800,12,2500,223110,0,0.0
0x8ee295fbfd9d9646f8a5d9af93c7e0c7a3590a02,1755043200,0.0,0x5f705547d3Ec20BfddE65C1183fF7D6F875293cC,18446.496276735,1739404800,48,1865635200,1770940800,12,2000,2492832,0,103867.99999999999
0x8f7b6dec21a7482e992f1832db038b6852066da7,1755043200,0.0,0x66A9cA68B654Aa6d612b35F6f5836a47bF0a8109,21342.07966903,1739404800,48,1865635200,1770940800,12,2000,2826523,0,117771.79199999999
0x8fc4f3e8c9dd93e4e5f66060b5ac42fb611ee16a,1755043200,0.0,0x751e5F10A6b82B56D35acaA193fb29e29B7a4Aa6,26493.963721304,1739404800,48,1865635200,1770940800,12,2000,3548732,0,147863.833
0x900af6aa8684aa20424d5fbf34b195d90e63fb19,1739404800,13338.5,0xE288837565616D522BBCEf2B3784dC363f4E6D80,13338.530239258002,1739404800,36,1834012800,1770940800,12,2500,788448,0,0.0
0x903d07e6d0dc7fcbed635fff5da2b37fab67e34e,1755043200,0.0,0xb4B17636525971A11aBA7dd2363464F4c787fB7e,13858.790620882,1739404800,48,1865635200,1770940800,12,2000,825000,0,0.0
0x9120cd2bbe7be07eca7203c31756ae76fb35234a,1739404800,10793.6,0xA152d9De7f03ed46297307c5c3ff082Cf3070087,10793.575048792001,1739404800,48,1865635200,1770940800,12,2000,1000000,0,0.0
0x938cb5df3669677253bfe9dc18c12097c0ff762d,1755043200,0.0,0x4203F3a3957E10011c8dE3eE7B3821390B58224C,118720.593850862,1744243200,0,1744243200,1744243200,0,10000,10000000,0,0.0
0x954386c51eb564061e040f26216c8603cb38bf79,1755043200,0.0,0x79517776587A84D748dBE29Fe7e1762f565bFCc7,27082.442244722,1739404800,48,1865635200,1770940800,12,2000,3587231,0,149467.95799999998
0x9586b6dc4010bdd9c64dc8162f9a54d11a3406cb,1755043200,0.0,0x7A5788DEc56531aDf979e9dc8d937D09c9924aC3,640.0643430939999,1739404800,48,1865635200,1770940800,12,2000,400000,0,0.016
0x97a8fe37756d6df4771c97e89b0323eefcfefb3b,1739404800,280.0,0xeeBe09c772629B440f1000aee6621c146cEb392a,280.004713428,1739404800,36,1834012800,1770940800,12,2500,14598,0,0.0
0x99291a7cec6345871f34b0d78d0fb9ba4264ffcf,1755043200,0.0,0x0415fCD6230eeb9F2BEdB8C511A48aB8f189e4A2,7939.883310597,1739404800,24,1802476800,1770940800,12,5000,1600000,0,0.0
0x99e22593d9a03b634c1410302352764f63c2fdd4,1755043200,0.0,0xC2a1C0F44592eC244031Be5e3D69cCF60aE0277E,20979.167897396997,1739404800,48,1865635200,1770940800,12,2000,2834854,0,118119.295
0x99f18ac2bf260d5b3fd7131afc288db575b06739,1755043200,0.0,0xF9c50496205fe95252c1b9079f4150a76eEEb265,13858.865623201,1739404800,48,1865635200,1770940800,12,2000,825000,0,0.0
0x9a66d3c7f84b8acec6a6d2bf473c68257d416f26,1739404800,16848.7,0x2bc9644aD6100d2828495b2421A90d5233927aF4,16856.654115223002,1739404800,36,1834012800,1770940800,12,2500,996152,0,0.0
0x9a81eee7740392c25b22d5c0cfe28fa5743a2479,1739404800,13137.4,0xB68b15fD614AcbF5E9e4668119b376FD94dF5dF5,13145.364241784,1739404800,36,1834012800,1770940800,12,2500,776877,0,0.0
0x9af65568d7dd962388d3e9873f831c7387da6cf1,1739404800,0.0,0x35e718E58EDbe5BCC705fc1684873b24aadfdfFB,0.0,1739404800,48,1865635200,1770940800,12,2000,177800,0,48155.167
0x9b066d36ed0703ba1a6a358a8a5aa2a9c85b742f,1739404800,0.0,0xbcD9E9B053Cde41d2dAEB3Fef0B44b6707B6C7c9,0.0,1739404800,36,1834012800,1770940800,12,2500,627072,0,627072.0
0x9b77aef85508aa7ba6937af882152e3501528841,1755043200,0.0,0x85f8424e3799CD3F3AACfef6E69C54941b05A573,8019.794757314001,1739404800,24,1802476800,1770940800,12,5000,1600000,0,0.0
0x9cadb5480eefe6223a5dcdfc5d783243615b015b,1755043200,0.0,0xD78810013b63BDEB25A12de447c5b9Fe7BcBec13,0.0,1744243200,0,1744243200,1744243200,0,10000,9000000,0,0.0
0x9e5c9b1b24490bc63eb44b0625900cb3f43adfe3,1755043200,0.0,0x8a7c6c6ac92dA1699538528Db453377225E23323,9333.302906659,1739404800,48,1865635200,1770940800,12,2000,750000,0,0.0
0x9e7d86431133573e41cd71989b19e2f983eb2720,1755043200,0.0,0x27d8a9476D771997C4C7c4b468DE84C381323559,9797.611664142001,1739404800,48,1865635200,1770940800,12,2000,800000,0,0.0
0x9e9e73594799c6687eb0cdfe0b333cd61aca2780,1755043200,0.0,0x2EA5d1293F5A52D527B20A38bF798B860dD303D6,17920.174413649,1739404800,48,1865635200,1770940800,12,2000,2422387,0,100932.792
0x9edcaa6494d3064b52a94e9fd66cd49c22887972,1755043200,0.0,0x001dF63b52DdE6ff8a3DCd54a2cB31d41bC6E797,22107.65322125,1739404800,48,1865635200,1770940800,12,2000,2927632,0,121984.667
0x9ff1b8725b4844d42cf82058f7efeceb06a5ddef,1755043200,0.0,0x6Ff953edec40826BB1Bb87c1a650546992edAe32,0.0,1739404800,24,1802476800,1770940800,12,5000,740741,0,740741.0
0xa178e2a4f05f4d48e94bf4eabd0f264bc06687b0,1739404800,2368.3,0x8e7a99Ef4F9e51D448619e736a5aD8eD44E3aa7C,2368.3346540670004,1739404800,36,1834012800,1770940800,12,2500,125399,0,0.0
0xa1b87a35458a94fb6ba53dbf604ddd9779feb8c3,1755043200,0.0,0x94f735Fd640870e0E8C061353F869c6193868079,120.021261622,1739404800,24,1802476800,1770940800,12,5000,250000,0,0.0
0xa2ea91b5546fca1a5fc22f1bf7e9ea2af0a72ec9,1739404800,6994.6,0x1335c34058146FC8B104567aEfC03b6c28aaFe35,6994.646964124,1739404800,48,1865635200,1770940800,12,2000,850000,0,83333.33
0xa34c161c60c4d3f13c11930f91adc748cf89be4f,1755043200,0.0,0x52D13dF94D4237eC5F6143D01e47b2cce22e919F,5809.980277252,1739404800,48,1865635200,1770940800,12,2000,333330,0,0.0
0xa47219613adc3b80cd5b858e15cf2d6ed6691d57,1755043200,0.0,0xCc7536D370F627598D7517EB367a707dE9f0BC8D,6081.9245081809995,1739404800,48,1865635200,1770940800,12,2000,666665,0,0.0
0xa8de2cd7e27a1c3c3ba04cb0400c54c1c8a73cd5,1739404800,5284.1,0x042E34eD096F48A3Fcf7f0c0F4eD5EC20c6F9f97,5292.153828445,1739404800,48,1865635200,1770940800,12,2000,1369068,0,3.08
0xa9404d377694e35f11ca157dc831a003c7df1db0,1739404800,1345.0,0x39146b38e7622fb0704C81b6A1Ed77677d38cc14,1345.021428025,1739404800,48,1865635200,1770940800,12,2000,166670,0,807.168
0xaa06613c19851c62d219928427b873ef28c91f0d,1739404800,128.0,0x9F19C0509390ef9773f34405f30035369304d046,128.001103376,1739404800,48,1865635200,1770940800,12,2000,133300,0,0.0
0xaae35da2988ce40799d09ba7735a7abf47d8ec26,1755043200,0.0,0xd5F13e808e96538e1C8E3Fca00CF52bb14A489bD,9949.907501624,1739404800,48,1865635200,1770940800,12,2000,800000,0,0.0
0xab536cd0b2ccd78d97f1fd8a163cd48fb7b616bd,1755043200,0.0,0xf2Fc9498a64FcC3Ea8D47f69D77951DA0623a58F,2848.264121706,1739404800,48,1865635200,1770940800,12,2000,166667,0,0.0
0xac6636ebae16c74628a2f4d0e46b4abc6e008034,1755043200,0.0,0x6eBbBfc9B0DB010A39cb274Eb8797dad78D0b612,0.0,1739404800,48,1865635200,1770940800,12,2000,1000000,0,0.0
0xad1fc687f0c22cffd9ea69534e546b50d0e48e2f,1755043200,0.0,0xb66FEc5172fefeD0043F07f6312D0A7197674E3C,0.0,1744243200,49,1873152000,1775865600,12,2449,2000000,0,0.0
0xaeb64a90ae4ce0f81747be70239a5ec74c28f513,1739404800,104.0,0xB876d49d0dCde29C70a11bC2C97fc753169759FC,104.010040384,1739404800,36,1834012800,1770940800,12,2500,144955,0,0.0
0xb05e74485333c39ede5f60e7498d21e8791c4ae0,1739404800,0.0,0xba12Fa898618BaA440535fdA1Be00C59258987d4,0.0,1739404800,36,1834012800,1770940800,12,2500,1367317,0,0.0
0xb2038ff1754965410969ef1ae000873ed4b423a9,1739404800,304.1,0x4637d051A63ba499a1bb2F9FBa2BBdeA6cFF42BB,304.07195055299997,1739404800,36,1834012800,1770940800,12,2500,250817,0,0.0
0xb32810cd70f8409b5f6869e44422abc034711574,1755043200,0.0,0xf4C80CFa67A4cf50988B3F2D174e039d83BA3e1c,0.0,1745193600,12,1776729600,1761004800,6,5000,1111111,0,0.0
0xb33e3aa8de0c7589374b65d5bd201f01256083ba,1739404800,9813.7,0xCB47136d46d53b75E990E2aa06E30c25C47DF27e,9821.678835942,1739404800,36,1834012800,1770940800,12,2500,580278,0,0.0
0xb3c3072e5c8c180627aa249289cbeee38ba9c706,1739404800,12480.6,0x3dd63054198cF309AbFad2Ff0665f11D4d617c48,12480.564489383001,1739404800,36,1834012800,1770940800,12,2500,737755,0,0.0
0xb3e59ece0be251d0ec581630a62d4600665611dc,1739404800,4704.5,0xc9eCBe323B67607eb7fecEC9962Caef2847b2524,4720.541488879,1739404800,36,1834012800,1770940800,12,2500,564189,0,0.0
0xb4e49603b2f8314d77b89ada9d594d812566e63c,1755043200,0.0,0x80aC49Bb3B1E9F2d15da301B17c081206a7512Fc,576.049245716,1739404800,48,1865635200,1770940800,12,2000,310000,0,0.0
0xb5e2a60d8922efd22db0582d6a08b038bb1840dd,1755043200,0.0,0xe6Aed8F902D0180b58135cC6512a5456b0F3DDD7,6146.009651118,1739404800,48,1865635200,1770940800,12,2000,500000,0,0.0
0xb7e00fe3835270f5955548d1060ab90eccf0fb49,1755043200,0.0,0x4d0aEBBC0492122109be88dB5dbfd0f080ab0a09,11848.232308032999,1739404800,48,1865635200,1770940800,12,2000,627916,0,0.0
0xb8a31b5707f648d40d607b91bf19084909aaa402,1755043200,0.0,0x01492740166d0Cb7687380c330270F0cD5e7b534,0.0,1739404800,48,1865635200,1770940800,12,2000,1000000,0,0.0
0xb947f6a9fe75dda814a4482d1ca3ba6bc5199615,1739404800,3939.5,0xdE4489EAF71919662C5791133979770Cc57b7963,3939.524295432,1739404800,48,1865635200,1770940800,12,2000,400000,0,0.0
0xb9f7e01cde79171d865ab5353520458d1f662414,1755043200,0.0,0xBDfA0C3433148F8096a55C371624bc65e8AB202B,8.000103592999999,1739404800,48,1865635200,1770940800,12,2000,66600,0,0.0
0xba08266bc33ec8e1ddffd9c4d1e56d27b6d8348e,1739404800,0.0,0xF024493625072cD367bF42146379BE816F791112,0.0,1739404800,36,1834012800,1770940800,12,2500,739007,0,739006.9999999999
0xbaffeb4566e468e42fe75ebeaea1e52c10c5617c,1739404800,0.0,0xfb1f6eBF6233ffDE513aab1a70e9a0b0C3D40F9C,0.0,1739404800,36,1834012800,1770940800,12,2500,150490,0,1.0
0xbce7c689676c508bf05a4b434bb7fe25ff9a243a,1755043200,0.0,0x4E04D9E02346826901a5f81Ee08D26e905eeb659,0.0,1739404800,24,1802476800,1770940800,12,5000,1333333,0,1333333.0
0xbd069735e78f3eb079c199ece0540e4114aa4f22,1739404800,4145.4,0x2409d30c13f903A713Cb257455EefE166BA8D57C,4145.396110756,1739404800,36,1834012800,1770940800,12,2500,293076,0,0.0
0xbe21f11e85cb2de8d9561c4d2a736086927a86e0,1755043200,0.0,0x0aC89D05fCbf17b7F881ebC9f45F961743f9D709,11199.440955987,1739404800,48,1865635200,1770940800,12,2000,900000,0,0.0
0xbf7663ceba3ac2c6d43f1749faa6f53bf2e56a6e,1755043200,0.0,0xd25C75625E53E7cd5D105B0BC2454CF8E67f4408,12553.150758121,1739404800,48,1865635200,1770940800,12,2000,2000000,0,0.0
0xc001388cc20ec8e856cbd76611e8c96ede3135b7,1755043200,0.0,0xA014bbA1ae56dEBabd1D6c37f5dbaAA4Bf46FcFD,9805.545732315,1739404800,48,1865635200,1770940800,12,2000,800000,0,0.0
0xc044cb88972566ca480aeff33c11688dd8330ebd,1739404800,0.0,0xE242A23d419eB6ae6bd48cdAd05ce09Dd0f922A1,0.0,1739404800,36,1834012800,1770940800,12,2500,2000000,0,1.0
0xc1bfd7d7ce918c866c9d19dad18b34c1dc3fd67a,1755043200,0.0,0x5CbbFF25A967A6BB59456f98906b0683C3d39B77,0.0,1739404800,24,1802476800,1770940800,12,5000,416666,0,406666.0
0xc27bb09224fd38a64a3244bb6771ddb350273284,1755043200,0.0,0x902f7eeA385e83ff73dcFfaa35814CA666ebA989,15664.410764703001,1739404800,48,1865635200,1770940800,12,2000,1500000,0,31250.0
0xc3b54280fff5a7763f28f2281a15b681e5d08d1d,1755043200,0.0,0x169754f27468D78b9F18D8a1a8630dB7E94b3c42,12256.119554948,1739404800,48,1865635200,1770940800,12,2000,1000000,0,0.0
0xc4db74ebf0f43222bd18670fd204152e013e09e2,1755043200,0.0,0xc5e78B055e2c913b4229c1C566a280F28AeF1dCB,9957.867305771999,1739404800,48,1865635200,1770940800,12,2000,800000,0,0.0
0xc6676a9214dcac0c41990c26e99f616125bf2b38,1739404800,0.0,0xCF39d7835E91f66FAe075831c3Dd82d46aa53097,0.0,1739404800,36,1834012800,1770940800,12,2500,225731,0,1.1
0xc6d140b7e8c0f9cbf9061a5a2668f9fdb01bb53e,1755043200,0.0,0x425fd327f4F6e900A8E464C80edE5786a852A8F2,0.0,1739404800,48,1865635200,1770940800,12,2000,277780,0,81020.166
0xc6fbaf4b02b2bab6a6d9baea03e6904eeb16f80b,1755043200,0.0,0xEC035538f7b09C8384f679002BDe49F5E730fa0D,11636.777729292,1739404800,48,1865635200,1770940800,12,2000,839531,0,0.0
0xc7abd00eb7c78e722760d80609607aabd8376dde,1755043200,0.0,0x90803B8d258C923C8B2d81951654E685cAac2dd8,0.0,1744243200,0,1744243200,1744243200,0,10000,12000000,0,0.0
0xc7bd2dbd4ddb2e0ee9184922f33777c4ec5cc7dd,1755043200,0.0,0x6E032a9218248E04C4dC236070C7a4a5E3172E7E,6057.997762622,1739404800,48,1865635200,1770940800,12,2000,500000,0,0.0
0xcb28d51009e90a1c2fe7e1c1f4a00f62a39a85d9,1739404800,13690.2,0x0edACaef1fad651d52a68D2e63c1eB450fBAdeB4,13698.240500230999,1739404800,48,1865635200,1770940800,12,2000,1000000,0,0.0
0xccda5fdac1bbcf1370d4b65694ad2f92a376eb79,1755043200,0.0,0xf9BB527Ed1B178A540588930C0Ba6A562f3De372,9253.143494727,1739404800,48,1865635200,1770940800,12,2000,750000,0,0.0
0xcee0f0058e090297357930e13dfdb27296a18075,1755043200,0.0,0xde3dd00C5c01fB28292F88172E7a195d528281ae,19146.158916792003,1739404800,48,1865635200,1770940800,12,2000,2587874,0,107828.083
0xd1dc0e2e1ad3944fe86007c26c8cd9dfadce208b,1755043200,0.0,0xaAF00919f2Cd6397a874B91A6033C067baDcc514,3163.677867194,1739404800,48,1865635200,1770940800,12,2000,533300,0,0.0
0xd2d53c514487f2791a736f2b6ebacf95484d93e4,1755043200,0.0,0xa7f5F2FF96e253A9BA31F047e7bF720D95984180,11030.906734754,1739404800,48,1865635200,1770940800,12,2000,900000,0,0.0
0xd31028010de76dd2822adab1876ebe7d987d8dc9,1739404800,3686.8,0x8295BB00B9ac6f1F0Cc9541D66633b7D85684FD7,3686.765286905,1739404800,48,1865635200,1770940800,12,2000,270000,0,0.0
0xd3365d04a8dcd2d2f071e62d36c0d476cf0a0866,1755043200,0.0,0xb512909319d27529ce51E64a431AD3855fB186e1,15854.770709477001,1739404800,48,1865635200,1770940800,12,2000,1100000,0,0.0
0xd34e76957bfcf5749efcec0a510492b47cd4cd1d,1755043200,0.0,0x6b1cFdE0A82E50a14962cF952666609697a8B497,0.0,1739404800,48,1865635200,1770940800,12,2000,79167,0,0.0
0xd407f5563cf9e6ae283ae1743e1323b9846e0b1d,1755043200,0.0,0xDD72BBe89c10981074B3c6B904E8a89CF2B9B324,1200.051832673,1739404800,48,1865635200,1770940800,12,2000,200000,0,2.0
0xd52f9aa6723f28dc8b569644ff659d677ede1537,1739404800,2232.8,0xD986fD90Ffc27Cb97BD61Ca6a3433eF9a952cE4e,2232.790835134,1739404800,48,1865635200,1770940800,12,2000,586743,0,0.32
0xd5469d704c0a36347899236384e9920a54fe21ce,1755043200,0.0,0x064009a6a36D8af5d4B15BF37c9B678363862575,71689.010303685,1744243200,0,1744243200,1744243200,0,10000,6000000,1,0.0
0xd556b38553b4bee540a9cea805c51e63c2267d0c,1739404800,0.0,0x143Ede5D87377fD3d1808a0D4b8c18d33B91DeE7,0.0,1739404800,36,1834012800,1770940800,12,2500,501654,0,1.0
0xd62e73ec14d2a9951ccc1f7d141e31ad364e5106,1755043200,0.0,0x12526fF50120bA5B5121742b0DE4D181420B028f,10454.649097581,1739404800,48,1865635200,1770940800,12,2000,600000,0,0.0
0xd67ac5de3a98ba98def5a2fa8e9e26ed38975c8a,1755043200,0.0,0xC3bDc887c60E84e4968603E954844b50b3fc7d6D,83640.932573505,1744243200,0,1744243200,1744243200,0,10000,7000000,0,0.0
0xd6bb547ef8359ecc3d8c41324c9a5f5119e89cc6,1739404800,10841.5,0x7Df3a5A03b18bBa64F4438B281eB4b2d6C01aBD4,10841.524301065001,1739404800,48,1865635200,1770940800,12,2000,1000000,0,0.0
0xd9542b9bccf7b06118e37cc1d3fae009ee7effb0,1739404800,15460.9,0x868546842e1d28C97ef050D39c99F7a75B0FF5E9,15460.921294676,1739404800,36,1834012800,1770940800,12,2500,913759,0,0.0
0xd96d03a73abfb0a80751be5115f6a0efabcbaebd,1755043200,0.0,0x79fB7D3932479a1C57d312AbFE3366f564DC4a5b,0.0,1745193600,12,1776729600,1761004800,6,5000,1111111,0,10.0
0xda27a5277e705cfd8ba63c1b81b758700382417e,1755043200,0.0,0xF219c621620161F0b41454475B773cc336AE5A9B,22379.065183198003,1739404800,48,1865635200,1770940800,12,2000,2963762,0,123490.08300000001
0xdbd8933e7fcb62462986a002d3ffc7008384bff2,1739404800,8623.9,0xAE97D40333C60a418BAe84d9b7992fEaB2DEa2C5,8631.913849254,1739404800,48,1865635200,1770940800,12,2000,1564649,0,2.52
0xdcb6d678a4c367d2b32bdf5862fcdd809982a64b,1739404800,432.2,0xefFb62a85995fcBc3F1C93b140aFbb76f06b7FF5,440.247260016,1739404800,36,1834012800,1770940800,12,2500,579820,0,0.0
0xdd1ad02133d597ef19697a78478b81cc287d1d5b,1739404800,0.0,0x89EC9C8b754aC1F0bdEEe2E810F1980b3d657218,0.0,1739404800,36,1834012800,1770940800,12,2500,0,0,0.0
0xdd9f6441e126f3987da4e38f9acd6aa1f8634c08,1739404800,6460.2,0xfE298B6E8009760C15F36B0539eFE2D527B620cA,6468.169593582999,1739404800,48,1865635200,1770940800,12,2000,1173487,0,0.64
0xde32826bb4874ff904b1c215ba6da9da2763cd25,1755043200,0.0,0x4788345476de985c8bc5d36030a8Ad462479EE5c,18720.216512020997,1739404800,48,1865635200,1770940800,12,2000,2529842,0,105410.083
0xdfa1762632cefcc9d5df9ce243d1282f9993d944,1755043200,0.0,0x0b0fE019E116B0660BAb60B18351fA01dD0748f2,21010.059627462,1739404800,48,1865635200,1770940800,12,2000,2782738,0,115947.417
0xdfab0e8ef669fc2ec8a0dc854f472764413c6bcf,1755043200,0.0,0x5d7dC35Bb103D060B6d23672059EE02BCAD14895,25605.405690869,1739404800,48,1865635200,1770940800,12,2000,3429382,0,142890.917
0xe0001ef36e08e0800c59d1aab662e6eda2e42cfd,1739404800,952.1,0xD99b779E9570c793aAC5005EC9197aa550Dc3c59,952.070006812,1739404800,36,1834012800,1770940800,12,2500,145973,0,0.0
0xe1a4db24bf8bcab2c11fcfa018b7194d21f062ce,1755043200,0.0,0xed63698d70FdAD474Ed64e391ab1e2032C363759,12441.003313799,1739404800,48,1865635200,1770940800,12,2000,1000000,0,0.0
0xe23786c05d44b4918be5d01263a9c2b1a1a5e114,1739404800,10488.8,0x5438f857fC9b94264566600D626F44fCEa3fd51E,10496.777445039,1739404800,48,1865635200,1770940800,12,2000,1000000,0,0.0
0xe4fedc85adfd9c55480d68fcbffa3ba6846feac2,1739404800,5361.7,0x1106133A38A688287A3D6ac9144Bf0C0e3914c0f,5369.713261004,1739404800,36,1834012800,1770940800,12,2500,317296,0,0.0
0xe552468d5e99bddd241ec4017f21b099284f7c92,1755043200,0.0,0x825e9bDA44D3b6cC3C17D61F52241244Ab0E1e58,80.000707024,1739404800,48,1865635200,1770940800,12,2000,93300,0,0.0
0xe7baec684fa173b073791e95797f45a30296a068,1739404800,0.0,0x7aA4990BedA351EA559402fbFDCBfb6191CF0e8e,0.0,1739404800,36,1834012800,1770940800,12,2500,29282,0,29282.0
0xe856cf45ce19604cfd762a6bf05b92a98a6d3f66,1739404800,2528.4,0x83B19c6E31900b3A20D06e91E5E4bb01B88600bA,2528.4110756580003,1739404800,36,1834012800,1770940800,12,2500,146495,0,0.0
0xe97d512f99d9d8ca940ec5abeab8870d68d33f83,1755043200,0.0,0x42CF37276C0C78596fc9F9d94909073fbDf16107,6145.991421649999,1739404800,48,1865635200,1770940800,12,2000,500000,0,0.0
0xea3d3a2ab52798258f3972141e874cb1ebe985da,1739404800,17996.9,0x8961CbBfD34E30bB7a507caf2D024A8683400cd1,18004.885622634,1739404800,36,1834012800,1770940800,12,2500,2000080,0,0.0
0xeb3486087882256c80f6d6385ccce9044193f49f,1739404800,3144.7,0x4997D4407C14176843f74d00A5b47633c5e96a00,3144.710800129,1739404800,36,1834012800,1770940800,12,2500,219827,0,0.0
0xec8e97015fdd54f7eb5208aec59fbb69b4ba3f00,1755043200,0.0,0x416ebc4a9158710e2723011e09119a3c493C2F49,22935.07818691,1739404800,48,1865635200,1770940800,12,2000,3037853,0,126577.208
0xedc95b3d8f199cdcb8816da0bd7ce0cd0236e7b7,1739404800,34968.3,0x5B1c25d4c89d7B20Bc55C25E3a70a815CF18d348,34984.288085888,1739404800,36,1834012800,1770940800,12,2500,2638248,0,1550.0
0xeed19288035190fdb08f5f840c40511f9a07a94b,1739404800,232.0,0x5a05D38a1fc58fc7b60559825eCcAd9309335eF6,232.004322029,1739404800,36,1834012800,1770940800,12,2500,16666,0,1.0
0xef4e2d98a532f5381e2c6a483c02f5865248c416,1755043200,0.0,0x2A7ff73EA4080627F60AFfe19a5a8933A83ddC91,0.0,1739404800,24,1802476800,1770940800,12,5000,666667,0,666667.0
0xf07b6bc12d3b3cef4b3dde4c9365f46c48892ece,1739404800,64143.1,0x30270742519399E896E5A3468A46219995FB0824,64167.194609276,1739404800,36,1834012800,1770940800,12,2500,4515272,0,0.0
0xf1388f2f2abb479819573150188a6524027498f4,1739404800,0.0,0x3B4489B52A4f320c34F3553e49b5fefE191b569b,0.0,1739404800,36,1834012800,1770940800,12,2500,3000,0,1.0
0xf18c01d81de259997d3d4066a81ae044039d8794,1755043200,0.0,0x7d7464344F9E767847F64c589e1DFb354724dfBB,0.0,1744243200,0,1744243200,1744243200,0,10000,7000000,0,0.0
0xf2d717eb4dca0550d1050ee94c13766ab695c139,1755043200,0.0,0x45Ae4B1b54043596fE8D79f1c68d547930D7524C,0.0,1739404800,48,1865635200,1770940800,12,2000,1000000,0,0.0
0xf41a1bbf3194e932723f08f4935e3d302342e151,1755043200,0.0,0x44b97F5A07eda811e8073C3bbD6FD13C4c4a909d,2976.838504894,1739404800,48,1865635200,1770940800,12,2000,333334,0,0.0
0xf75ae45c8700ac26c188236b60c5593fad5b8cb2,1739404800,2656.4,0x3e287B9357f4e2f94Fe8badc0843E57391181598,2656.44232257,1739404800,36,1834012800,1770940800,12,2500,150490,0,0.0
0xf9a22a726046c536e3f2ba98368b2ba41f70673c,1755043200,0.0,0x9C858324FDeEC47350571C64e66886d07a9C6086,20179.540005906998,1739404800,48,1865635200,1770940800,12,2000,2727232,0,113634.66699999999
0xfa7e247231476beb6933dbb3ddbd0943fe03a3df,1755043200,0.0,0x812b1d107B6697D22513c3FA9960c9cC3Efc4272,17948.595089611,1739404800,48,1865635200,1770940800,12,2000,2426273,0,101094.708
0xfafc5b6063d428b5ffdc979cf75c17c114ecf148,1739404800,15830.9,0xe9486245Ec36faCFeB0514491296C1209A4D45A4,15838.870176793,1739404800,36,1834012800,1770940800,12,2500,935977,0,0.0
0xfc77a52fb0109d8f7a2474951cf56f5018b12699,1739404800,9821.4,0x043ecFC44492454b43F53764c49912249EcA1196,9829.372014724002,1739404800,36,1834012800,1770940800,12,2500,580814,0,0.0
0xfcd29e44c76e82715cfe02a3ede05311fe43dfcc,1755043200,0.0,0x56eB0B2B94aB618236702A3A1C7B85e59dF21AA1,13858.702182611,1739404800,48,1865635200,1770940800,12,2000,825000,0,0.0
0xfd51f8729e34edbe4e75d212c4a40822a45247d4,1739404800,11047.3,0x6b2B5d42d7F2CF6bf4A101328D798a94bF9780C2,11047.29626231,1739404800,48,1865635200,1770940800,12,2000,1466660,0,122221.668
0xfe22724fd255b028ee7c2010efe3a05a3149dc6f,1755043200,0.0,0x5e1a9c426a262e1323a5A24fA2C6093DF65A5324,0.0,1739404800,48,1865635200,1770940800,12,2000,1000000,0,0.0
0xff699d12ab05d5a8f58549f5eff341074cc53dfa,1739404800,5490.6,0x59379D796CECf7563180F1d6fB9e8D03a6C76Ac1,5490.637596589,1739404800,36,1834012800,1770940800,12,2500,454340,0,40.0
